,Khoảng giá
613,9.8
3944,5.19
2346,6.9
2098,15.5
3277,15.7
5677,31.5
505,7.3
1902,18.0
272,5.9
5589,9.5
3946,2.65
1872,13.0
2252,7.0
5522,9.6
1867,15.0
106,16.9
2579,9.3
1360,8.36
2732,7.99
952,6.5
1383,13.5
1983,8.5
1370,9.0
2264,5.4
5607,9.99
4868,5.35
4738,7.9
1024,3.99
2094,13.9
2268,7.1
416,5.68
1535,29.0
6042,4.35
2522,5.4
564,11.0
478,13.5
4585,11.0
1203,16.9
4229,7.5
142,6.98
3328,95.0
3871,21.0
5319,8.5
3475,7.6
605,8.6
1194,7.2
1322,24.0
2225,37.0
1721,8.25
497,7.7
3616,23.0
2609,120.0
5881,120.0
2799,7.9
2655,12.9
721,87.0
5842,38.0
1025,8.65
2833,7.65
1295,12.0
2523,8.16
2045,2.8
2942,29.5
1354,14.5
2133,12.5
2457,32.0
5072,9.9
1302,5.8
2034,7.2
5631,5.9
2464,80.0
2945,8.6
2182,29.0
1978,6.9
336,7.75
5518,7.1
2245,7.8
5886,50.0
5001,6.6
5411,9.0
4040,39.0
2751,9.5
6018,9.5
3341,13.6
724,10.0
765,9.5
286,8.3
3270,9.1
307,4.2
3221,14.6
2436,12.2
4896,6.5
5297,6.2
4410,6.0
5707,17.0
3290,7.9
4370,12.95
4414,23.5
5339,2.89
2259,6.4
71,15.5
4596,11.5
711,160.0
421,16.9
1020,10.8
1695,14.8
3532,8.2
2570,5.9
737,14.0
2600,11.3
2345,8.0
5525,100.0
3479,4.98
5846,11.5
1835,50.0
4498,25.0
1210,6.85
3768,160.0
1095,8.4
3767,10.5
2328,36.0
3275,16.5
2770,5.3
4939,27.0
978,18.0
4461,99.0
1412,3.45
5362,8.5
3904,9.7
3016,3.9
5545,8.6
344,16.7
2451,5.2
911,7.3
2584,25.5
47,5.85
2644,8.5
5455,18.7
1350,22.9
443,9.69
2414,15.3
1061,14.5
3481,9.7
5700,7.5
5671,15.5
2417,34.0
3893,41.0
2549,5.5
2741,12.5
2807,28.5
4320,8.5
1055,3.33
848,4.3
2988,5.5
3703,5.9
1294,10.0
3803,4.89
5288,8.8
6027,8.5
5993,6.28
4489,100.0
4667,25.0
1112,6.45
4844,29.0
776,7.5
5957,7.5
183,7.0
4291,5.0
4302,22.8
1507,4.95
3181,12.6
734,6.3
2002,5.9
5002,6.45
1168,4.65
3837,25.0
5875,33.0
2991,4.99
4144,39.5
3109,7.88
2410,9.9
485,12.0
5820,23.0
452,18.5
4379,25.0
3126,8.9
4817,7.0
3820,23.0
30,5.3
789,4.68
4487,61.0
2927,35.0
1554,43.0
2873,5.99
1509,7.25
1109,9.6
100,11.95
5094,8.0
4450,27.0
3519,7.2
1443,9.45
2338,9.0
6199,12.0
6056,10.7
1083,20.5
3734,48.0
861,24.5
1891,8.9
903,7.35
2284,8.3
109,68.0
2996,8.68
1961,4.75
5303,18.9
1558,21.0
3089,43.0
2227,4.8
6116,19.0
3910,7.7
6153,7.15
927,23.5
5027,9.95
3194,10.6
4012,11.8
2233,9.2
1501,25.0
2299,39.0
5917,17.0
5444,9.5
1094,5.35
1121,4.029999999999999
2603,6.2
1782,3.97
5151,4.98
809,4.5
1578,6.65
1545,12.7
6093,33.0
5154,39.0
6203,3.99
4412,9.6
4815,8.85
5933,21.0
4556,5.99
4192,53.2
5349,12.7
5322,9.2
3951,12.5
6266,15.9
5364,16.9
2350,6.95
3172,4.7
3340,9.8
4567,5.2
1922,7.0
5409,6.85
5526,115.0
1204,6.99
5907,1.75
2124,23.0
4274,23.9
4216,25.5
1755,65.0
2004,9.9
6264,22.0
518,16.79
829,9.4
1870,14.5
4204,31.0
438,26.0
627,13.9
6075,44.99
3765,19.5
925,6.49
3365,6.5
295,8.6
1052,17.55
4031,34.76
2728,5.65
1173,7.5
4207,7.3
2432,9.99
3055,9.7
944,27.0
5004,74.3
2881,19.5
12,5.95
1117,8.9
4575,9.2
2862,13.0
3349,13.9
642,17.75
4624,13.5
1728,8.0
3049,6.5
4010,2.1
1319,7.55
5538,33.0
4520,40.0
5761,10.5
3396,5.75
3841,8.59
4526,62.0
4305,19.2
4319,39.7
2960,8.0
653,11.5
429,24.0
5968,23.0
4523,32.0
5786,9.9
4441,60.0
3634,23.9
2306,23.5
6052,6.75
838,5.79
1087,16.9
3650,22.0
4578,3.26
1665,14.5
3237,2.65
856,6.5
3285,6.95
2275,8.3
1448,4.2
3076,40.0
2618,15.9
4563,6.0
5251,18.0
3757,115.0
5587,15.0
693,6.5
4734,8.5
2954,8.5
3792,210.0
188,4.89
287,6.35
3783,15.2
2879,4.65
169,49.0
3058,6.58
3209,6.65
3149,14.6
1586,6.78
6101,9.49
1338,8.8
2312,9.5
2617,8.7
5911,11.0
2366,6.3
4648,4.2
3321,14.5
210,49.0
1807,6.78
1672,26.0
5086,11.6
1666,3.5
73,28.0
3779,0.33
2840,25.2
3786,11.5
3858,10.0
1789,6.85
5827,45.0
2921,5.98
5571,7.5
4002,9.5
3671,110.0
5871,35.5
3917,8.99
1231,9.5
6167,23.9
3669,5.65
4296,10.4
1820,22.0
6159,4.95
1379,8.58
3955,17.5
3033,2.98
113,7.45
5340,7.7
1438,10.0
4600,180.0
3550,13.8
1657,9.5
4155,30.5
2114,4.39
507,27.5
3312,6.5
1886,135.0
4864,11.5
4764,15.0
4159,23.5
2063,4.79
4954,15.5
252,7.3
4842,458.0
350,33.0
3078,4.3
2829,23.0
1941,6.9
457,6.75
3545,7.99
479,25.0
1114,10.6
798,6.9
4428,5.0
298,23.0
3203,5.5
26,34.0
3422,3.8
2110,11.9
3176,4.59
3941,4.4
2118,16.0
1287,7.8
1281,12.8
229,6.4
2929,22.0
3240,3.8
4353,38.3
2706,5.45
3977,12.3
5410,9.0
4947,9.5
3429,7.25
3997,5.9
3250,8.2
5186,6.3
4190,14.9
1614,7.5
607,6.95
5822,21.5
4789,45.9
3774,32.0
1859,35.0
3407,22.0
4604,5.05
5096,19.0
6189,27.0
3612,4.7
3989,8.0
203,7.6
339,29.5
4742,27.0
837,7.65
4689,15.5
5971,8.9
387,10.98
1747,8.4
4768,6.3
3248,10.7
2882,8.3
1609,9.5
5342,7.9
4228,6.95
3799,31.0
5165,145.0
2303,8.5
5996,7.29
5497,20.5
2498,19.9
5304,8.1
5416,9.0
3886,23.5
677,14.5
1951,8.8
4652,19.5
2484,6.15
61,23.8
1864,11.2
3780,11.19
4342,10.85
2210,33.5
4812,8.7
790,6.5
4936,19.9
4814,6.4
5706,7.68
6191,35.0
5046,6.6
3547,7.9
1359,13.2
1905,4.6
4610,39.0
6270,6.0
4253,18.5
5859,50.0
733,13.1
5603,10.5
4092,70.0
4770,8.45
1260,14.4
5343,5.5
2177,29.5
2827,8.3
1543,36.0
527,7.88
4803,5.0
5602,60.0
4507,23.0
1468,10.5
3733,65.0
5436,55.0
4148,14.3
1912,6.96
5372,13.9
4103,5.7
2099,5.65
803,9.29
857,25.7
1599,9.9
5425,27.0
5357,8.0
6228,20.0
1423,27.99
4907,4.8
1465,7.1
3560,6.2
219,9.5
2018,10.3
1288,6.49
1115,21.5
582,23.5
3513,13.8
1564,27.0
43,300.0
3483,7.5
4766,45.0
3025,6.95
3877,10.5
1744,8.3
2925,27.8
1918,8.8
2132,12.5
5606,11.9
1452,6.89
3657,4.5
3428,7.5
5510,5.55
1224,6.5
3123,8.1
2202,4.2
1071,7.65
718,7.8
5976,8.5
5040,4.2
1505,7.3
4546,60.0
670,28.0
347,39.9
5082,37.0
6069,7.4
5140,33.8
3217,10.5
897,12.3
1258,18.7
5133,14.9
95,12.0
2463,9.9
3424,5.85
5566,8.0
842,7.3
1595,10.7
5144,7.19
5067,9.5
4326,18.0
6297,23.0
4518,48.0
2439,9.8
3898,69.0
2095,300.0
4852,5.7
322,5.88
1756,6.2
1769,13.9
5966,37.99
4313,7.6
4258,22.5
334,4.5
2955,6.99
332,3.75
833,3.75
2836,20.5
5081,14.5
2525,14.5
3246,7.79
3921,4.5
731,6.2
2083,17.3
291,35.0
184,38.28
4956,3.79
4558,29.5
2213,5.15
533,14.4
1671,17.5
2578,11.89
4787,21.0
3437,59.0
2348,9.4
3520,5.7
657,4.6
1255,8.0
2798,8.5
2794,4.8
2776,8.3
4151,15.2
3276,9.5
898,10.0
6263,6.95
428,107.0
5515,8.39
4656,12.3
4922,12.3
1436,39.5
5701,450.0
1222,9.5
6298,4.2
2029,40.0
4753,5.99
3375,8.3
5503,6.5
4974,82.5
3739,11.3
5402,9.5
5853,18.5
4677,11.9
2313,11.9
2543,3.99
2746,9.5
1096,7.3
4399,22.0
2223,5.45
5688,55.0
3606,35.0
5206,16.8
3006,9.5
1652,115.0
5974,8.2
1230,4.25
1410,10.0
1788,10.0
4552,7.5
3393,140.0
2592,17.8
3856,58.0
3101,6.8
2519,8.95
192,21.0
2465,9.5
1126,9.99
3796,115.0
5044,8.2
3707,9.9
3002,7.95
304,4.55
1817,11.5
4439,18.7
1292,26.0
70,4.8
4032,23.9
1305,26.5
3103,15.5
3320,5.4
5865,19.5
3571,5.2
1340,9.9
831,10.0
3617,11.6
1456,5.0
2170,33.0
4235,25.9
238,7.7
92,31.0
3831,8.14
2157,10.3
5944,20.3
5729,7.0
3501,21.0
6043,6.3
2446,4.95
3813,25.0
1001,10.0
2287,4.73
5880,20.0
4053,65.0
2232,6.35
1504,4.2
957,8.0
4746,6.1
5885,90.0
4987,45.0
1532,2.35
3541,6.8
6146,6.8
5777,3.1
411,18.0
1405,2.9
1934,11.9
2995,9.3
6045,13.7
4760,6.49
1992,33.8
3682,5.0
5922,40.0
1702,5.6
2333,4.18
1034,13.5
5531,4.9
5891,8.6
2877,5.5
2271,9.8
931,11.3
5744,11.9
6276,75.0
4078,11.0
633,7.35
4993,31.8
498,16.2
937,9.3
415,8.25
2611,65.0
5275,300.0
720,5.9
2187,12.5
3442,6.2
757,19.5
2031,100.0
2115,13.0
1041,34.0
5170,73.0
3297,8.2
3454,5.6
5629,16.2
596,11.48
5399,4.6
4908,10.0
4374,14.9
1068,3.85
1942,5.79
1647,20.7
2845,4.6
3382,9.2
2375,18.5
5595,7.9
652,15.0
4996,66.9
1700,12.6
4848,7.4
5048,9.2
5940,8.2
2754,8.9
2948,9.2
2357,26.0
2775,3.88
4941,7.0
2803,7.95
2676,11.2
75,20.99
4407,6.9
3992,7.7
5446,42.0
5307,24.0
5793,8.8
4246,13.0
3680,8.7
3755,64.0
2780,9.5
108,4.38
1010,350.0
1029,15.5
2447,4.9
828,25.0
3023,27.9
4224,17.8
96,2.65
3439,10.0
5270,13.5
4609,39.9
1385,9.5
1200,65.0
2025,8.38
621,9.0
6078,43.0
566,32.5
1837,8.7
1334,9.2
2402,41.0
2619,4.95
4537,8.2
3660,17.0
3905,43.0
745,10.6
195,35.0
4383,85.0
4365,12.95
4160,100.0
802,7.35
3626,30.0
5159,34.0
4857,9.5
644,2.88
5564,8.5
4709,3.15
3518,7.68
4362,4.55
120,4.2
1777,5.95
6292,7.6
5058,7.5
2615,11.0
3593,7.88
134,8.99
3864,29.98
3268,8.95
2480,13.3
62,2.9
5477,12.5
2787,53.0
2691,6.7
679,8.6
4189,9.9
4087,12.0
1211,8.5
2952,15.0
4290,5.95
567,18.6
1873,9.5
5989,21.0
1717,11.5
1392,6.5
4717,6.95
5110,7.5
489,28.5
3210,9.5
690,9.45
5884,35.0
602,9.5
4081,55.0
4531,9.5
4833,32.5
4449,10.5
1187,7.3
274,12.4
4958,12.7
1361,4.18
4687,38.0
1526,4.7
4262,20.5
4847,5.4
3352,25.0
2571,24.5
3317,4.93
5924,22.5
5769,13.0
945,5.35
5981,3.15
6074,29.79
3505,6.9
68,6.5
4602,6.18
4464,10.0
1598,23.8
2650,10.0
5912,1.98
5457,13.3
1503,25.6
2316,6.69
150,12.8
2086,6.3
6132,6.0
2516,9.9
2276,5.15
859,9.55
2941,39.6
3822,9.5
2559,18.3
366,9.6
1432,4.2
4457,13.9
1779,6.9
3590,7.3
2981,7.79
1818,5.4
3929,5.1
841,18.9
1189,44.5
175,38.0
3618,3.7
2093,22.98
6061,6.2
3269,13.9
2972,4.47
1030,7.95
4139,65.0
300,9.5
1472,62.0
283,11.97
3664,11.0
4914,9.2
4989,31.0
1813,12.7
1271,9.3
2181,8.0
3994,6.5
2916,88.0
2008,12.5
5155,37.0
3787,25.5
5737,62.0
5278,33.5
99,5.5
5956,9.5
744,5.68
5828,8.09
480,9.8
4961,6.0
6119,113.0
5419,5.75
1157,18.9
1437,14.5
5020,13.99
402,14.5
949,4.3
2067,11.8
4392,7.35
668,25.9
218,5.38
1962,4.73
5166,7.9
3728,22.0
3258,6.7
4620,42.0
6021,11.5
4157,8.9
2145,26.0
777,3.99
3131,7.45
4932,9.5
3558,8.8
1491,5.6
4478,13.5
2298,26.0
4827,13.0
4703,7.6
5199,14.5
517,16.9
5341,9.5
5861,10.8
4303,320.0
4091,4.6
6029,7.7
568,8.9
360,8.6
5454,4.5
759,35.9
5988,7.75
5921,18.0
4098,108.0
214,7.7
3252,8.7
5428,6.8
2254,4.8
3377,5.2
725,11.5
5396,9.5
49,30.0
4925,10.8
887,8.0
5507,75.0
5676,26.0
516,7.2
3646,7.6
139,5.1
2406,17.3
2716,5.8
2795,8.245
463,5.2
4376,4.74
5965,8.3
594,10.4
450,9.39
3008,26.0
2821,32.0
312,23.0
3010,3.9
3529,27.5
451,17.5
5084,19.5
890,18.9
3182,2.89
4860,18.0
4448,7.9
5893,3.5
999,15.5
389,7.95
1476,25.0
2240,18.0
5668,13.8
5252,7.2
5391,16.0
5361,8.9
4015,8.9
3129,6.8
5509,73.32
1293,6.38
5549,22.9
5608,6.8
1907,25.0
4323,11.5
4358,8.1
368,16.5
1937,9.49
1151,2.3
3887,3.6
3464,34.0
6198,9.9
191,3.5
4245,15.5
5717,10.49
174,5.49
4870,6.9
3950,6.3
4161,188.0
5703,33.0
5480,7.3
6130,7.4
3148,5.85
2850,6.95
1164,8.25
3007,7.8
4942,20.5
4997,4.7
1661,4.5
508,19.9
166,16.9
2589,7.3
4316,5.6
3705,34.0
4233,36.0
103,9.5
5591,50.0
4904,17.0
5163,75.0
1752,5.3
5621,17.0
3026,8.16
1658,17.5
152,6.5
6088,73.0
1583,3.15
3441,4.95
4332,8.4
4615,9.9
4445,25.5
2209,6.45
2957,3.9
3892,50.0
1822,59.0
4851,5.5
3477,4.92
309,2.89
4902,28.0
2722,6.3
5941,4.69
495,18.2
205,12.29
1434,26.5
1135,6.39
868,34.0
305,15.5
1849,22.0
3039,9.5
1988,19.7
3065,19.5
1534,18.5
843,13.49
1987,4.85
6142,11.9
4217,24.8
5839,11.5
6206,9.89
1538,12.8
211,6.18
1957,47.0
4112,5.19
3611,48.6
3024,31.0
1349,5.4
6280,47.0
4810,69.0
680,6.65
180,28.0
5999,6.65
3966,11.9
5460,2.4
278,8.45
289,7.3
6120,14.5
993,16.0
2236,5.45
5269,17.8
4447,4.6
4603,10.5
5045,7.0
270,6.55
2405,6.7
5143,18.5
2515,27.0
4886,7.6
111,8.5
1391,19.5
220,58.056
3740,18.5
83,12.9
3807,20.0
3770,280.0
461,6.85
5533,33.0
551,15.6
2471,21.5
3551,35.5
5669,18.0
5465,6.8
4921,4.15
3085,9.5
2329,17.2
2146,19.0
3206,9.5
2913,20.5
650,10.0
708,4.9
5379,34.0
3130,11.0
5829,9.9
4211,9.1
1424,13.5
1216,9.7
5821,23.0
1924,5.1
3075,17.5
5804,10.7
314,67.0
4231,7.55
1427,4.8
5992,133.0
3583,5.8
3154,4.8
5813,16.5
5213,11.9
3570,29.5
4626,35.0
3652,22.5
6299,6.6
2825,41.5
684,18.0
4605,350.0
2453,12.5
5667,19.5
2542,3.5
326,18.6
5265,20.0
3817,11.5
2900,16.6
5445,11.95
3487,4.8
5060,56.0
2627,5.9
1676,4.25
348,16.5
1626,9.9
3580,5.65
2758,9.99
871,32.0
4104,8.1
6054,13.0
3386,150.0
2218,17.6
5868,20.5
2121,19.5
6166,9.97
85,7.5
3142,34.0
1877,8.3
4966,26.0
5765,12.5
5636,8.5
494,3.7
3306,9.3
3459,6.3
5687,5.6
5077,12.9
1270,15.0
2966,7.2
2944,29.5
5205,11.0
618,6.55
5385,23.5
3337,7.6
4898,8.3
3849,8.6
4129,10.6
3400,6.45
1413,17.5
2201,7.8
3585,23.5
4692,38.0
869,26.0
2358,11.9
2006,21.5
5267,19.0
4352,11.8
356,8.25
1162,5.9
4776,5.8
3413,7.8
6211,7.35
1890,7.35
579,9.2
3336,8.5
2857,8.5
1691,9.0
862,106.0
4254,31.0
3670,3.3
2380,7.5
2378,9.5
4901,20.5
4872,12.68
1116,6.1
1541,7.4
5401,7.5
4839,4.38
6188,29.5
5201,7.75
6070,6.6
2638,4.95
4200,8.5
2500,24.0
5562,19.5
3014,4.3
5579,13.5
6200,6.3
2689,7.5
4733,5.2
6008,290.0
5185,7.9
5420,6.2
5310,17.8
4174,8.39
6041,5.35
2052,9.5
1776,4.98
4025,8.5
4512,9.9
1592,9.0
1723,27.8
4923,5.0
4273,19.0
490,30.0
5295,5.9
1006,4.75
4838,8.8
2503,6.3
6223,11.9
2314,17.5
1417,6.8
25,41.0
2409,37.0
1113,12.9
3395,14.0
1552,21.0
5377,4.8
4698,5.9
433,8.45
3263,3.98
3132,6.5
4260,3.99
3303,7.38
3447,21.0
6175,26.5
4669,7.15
3362,5.8
2518,6.28
6055,7.6
1102,8.6
3470,9.8
4325,5.85
4664,6.79
4367,8.6
194,17.9
615,3.7
643,35.0
4519,150.0
6172,7.0
5324,8.7
330,7.5
3918,6.78
4943,3.95
3463,8.5
3668,21.5
483,12.8
2420,18.9
719,23.5
2763,8.98
2059,3.4
2566,4.7
4198,18.5
32,26.9
664,8.0
4950,16.5
3866,5.0
1444,5.0
2688,7.88
2670,25.0
6143,5.99
1705,50.0
2678,21.5
6250,60.0
4004,2.35
3932,9.9
2277,8.8
1401,19.0
3710,15.0
2456,7.9
170,4.3
540,12.99
5767,4.8
4712,7.35
2753,5.0
3034,14.2
674,8.2
5790,18.6
5312,8.8
1815,15.9
2859,7.3
2100,62.0
5167,44.0
5306,8.4
2101,55.0
5678,37.9
3127,3.5
1548,11.5
3309,8.65
2668,3.8
355,6.85
3494,12.0
3418,3.9
3758,11.5
2535,23.9
5574,8.0
4482,25.0
2373,4.86
1051,11.9
2321,4.2
3940,2.63
4013,60.0
1751,8.2
2759,18.5
1772,32.0
1196,5.65
1878,4.68
2016,7.5
2005,52.0
5108,8.75
1482,10.5
328,7.8
648,5.95
4801,9.0
1123,8.8
3098,4.05
4118,22.0
2755,5.39
3169,4.5
5439,40.0
5273,23.9
1259,25.0
4545,15.4
3784,5.85
3011,5.6
1519,8.6
1378,6.88
4591,22.5
1023,12.5
3167,4.5
3204,5.5
6186,5.7
5218,105.0
912,16.0
4271,31.0
1675,4.2
1746,18.6
5071,10.5
1736,6.3
1629,150.0
4147,30.0
430,1.98
1808,9.2
3912,8.2
2673,5.39
6295,48.0
3861,147.0
3832,8.4
2222,38.0
3608,7.3
3589,8.55
5617,7.0
4041,11.99
5524,10.99
5590,11.5
3691,115.0
1995,8.7
2671,6.35
5866,11.9
2224,15.4
1106,4.38
6296,19.8
818,10.6
3288,6.8
4288,23.5
4568,7.3
1697,18.5
2843,3.1
136,5.68
5381,23.5
5043,4.3
3256,5.5
5582,8.5
1180,9.0
3808,15.5
888,9.5
3018,9.9
2437,9.9
2860,8.95
3226,5.8
817,12.3
1111,10.8
3785,17.5
2341,12.7
4639,13.9
4127,14.5
1264,10.0
990,9.4
3592,6.79
1739,48.0
3372,7.0
353,7.85
4794,4.69
4691,8.7
4855,10.5
1489,4.8
4210,19.9
1228,3.15
5936,84.0
5190,210.0
5964,6.55
5894,20.0
52,34.0
3907,7.3
4220,22.8
159,6.6
3688,9.2
4050,7.2
1589,22.0
1479,3.72
1469,19.8
3414,62.9
3100,6.3
5296,15.2
2078,5.6
3826,21.8
6207,5.8
2905,8.85
436,16.0
3214,6.5
4187,10.5
1588,11.5
4630,69.0
1590,7.88
5490,8.0
973,10.0
1238,6.09
2342,39.6
4608,18.0
3458,7.4
3978,8.5
5374,86.0
2231,6.9
4172,21.99
1497,11.7
449,7.7
2369,5.8
3732,8.0
2422,5.79
5653,8.9
3334,5.4
1551,8.5
5584,6.0
1146,4.2
4119,9.5
2092,22.8
1313,6.85
2015,24.8
3628,18.9
3045,8.7
3350,38.0
1381,13.8
3605,3.6
413,26.5
941,8.8
801,24.9
2750,8.69
2801,8.4
3658,9.0
256,23.0
6181,7.6
2235,6.59
647,10.2
1767,24.0
4309,7.6
2789,8.5
3323,27.5
3914,8.6
24,154.0
1088,5.5
3163,10.0
2694,7.85
2943,7.6
112,8.9
2311,4.19
3090,5.4
56,15.5
1309,16.99
695,17.9
4576,150.0
1227,11.9
1999,15.5
276,6.5
4490,145.0
4867,6.78
1833,18.0
682,13.2
3491,35.0
5517,5.3
3193,21.0
1137,6.38
2767,30.0
4205,31.0
3949,9.45
3353,5.3
3795,19.0
5725,200.0
1346,7.8
2855,5.85
3286,4.9
2784,15.0
3125,7.5
2384,16.8
115,600.0
4381,4.85
6267,8.6
3613,18.5
2917,8.45
5612,11.5
2819,20.5
2874,7.35
5130,14.4
5239,56.0
5843,43.0
81,25.0
1972,10.2
1714,18.0
3970,6.5
4730,7.45
3114,13.3
4299,13.5
1946,8.6
3684,22.24
3295,11.5
4409,6.2
1610,8.0
5797,41.8
3220,8.2
4240,6.5
6155,6.9
5634,5.9
5824,15.5
665,7.5
2194,5.6
5888,52.0
5354,8.3
1017,8.68
557,18.5
4141,90.0
5718,7.5
1207,19.5
3196,11.0
6076,70.0
1510,10.9
3621,5.8
4088,25.0
4283,45.0
5623,6.05
266,21.0
6044,19.3
3715,10.2
2111,13.5
3773,65.0
1909,5.2
3455,2.98
5368,7.0
656,9.4
5266,6.12
4443,10.5
3960,7.55
998,10.0
3573,8.0
2834,6.55
2809,23.0
1784,23.0
1237,14.0
5242,64.0
5394,60.0
5047,8.5
5424,3.7
6216,6.8
2186,4.2
5458,10.5
908,9.2
5918,61.0
1303,5.69
5878,12.0
1627,8.89
1522,5.5
835,17.0
358,9.5
138,160.0
299,160.0
1556,23.5
1003,54.0
382,4.75
3116,8.8
761,5.75
4001,13.5
5091,13.0
6079,13.5
5090,35.0
4811,9.7
1402,6.25
3235,3.35
5403,8.5
2721,5.8
1932,12.5
4601,6.25
5214,17.9
5012,8.9
5417,5.95
3151,3.65
4650,8.2
2685,6.4
3074,7.5
58,3.8
76,29.0
796,43.0
2416,85.0
3326,16.7
4597,7.8
785,5.19
5441,10.5
6135,7.0
5561,5.8
2217,6.18
3106,29.8
4168,8.5
4513,5.39
3063,5.65
3718,8.15
4863,18.9
910,13.3
2172,6.5
3903,7.7
2309,22.5
5896,9.5
1257,135.0
2495,4.55
4739,6.7
5505,20.5
1178,8.0
4732,7.5
5146,23.0
442,10.8
1399,12.5
4619,7.2
3381,9.45
4086,5.0
6004,83.0
1054,40.0
5682,5.6
4819,6.9
3388,6.1
1415,4.79
2372,6.2
4628,9.9
3313,5.85
4467,29.0
3105,11.4
6031,6.89
5075,11.4
1502,18.9
5766,19.6
4166,15.8
2011,6.65
4765,14.5
4818,15.8
3185,7.2
5076,10.8
4750,32.0
6165,6.2
6,9.9
2980,10.0
2487,27.8
678,6.16
1943,4.5
4540,10.0
5796,24.0
5874,15.5
4991,22.9
4128,15.0
2607,110.0
3948,22.5
5792,10.3
1064,7.0
2894,6.3
6272,40.0
2242,5.3
1474,10.2
5158,37.0
1889,15.5
3830,29.0
2021,18.5
4949,3.1
4479,11.0
2658,32.5
2467,16.5
4762,19.0
1130,21.5
1461,2.15
3504,5.3
5702,7.6
3674,6.95
3620,136.0
2968,8.7
222,6.3
5838,142.0
48,42.5
573,4.86
1236,13.9
4783,3.5
6104,9.89
5656,7.2
2282,20.0
4256,6.5
267,17.3
1104,36.8
2305,4.39
5543,8.9
1935,6.3
386,6.6
1701,7.1
1628,26.0
3555,8.0
2714,10.15
5923,8.5
5506,46.0
1563,85.0
2760,9.99
3968,12.8
209,11.9
909,12.9
1289,5.65
4747,14.9
1866,12.7
1842,24.0
2497,6.3
5153,2.99
4034,9.5
958,10.0
1793,14.2
2088,12.3
2702,4.85
331,4.85
5118,17.5
4554,7.0
3332,48.0
2459,10.0
1774,2.4
4417,6.6
3731,17.5
4105,5.5
4876,7.15
5111,7.95
5689,16.5
4301,5.79
2897,7.9
3133,8.2
1710,12.9
5041,8.25
2478,7.6
4476,100.0
1366,10.0
173,7.68
858,5.68
5382,53.0
3227,45.0
5487,10.8
3789,5.6
1952,12.99
3559,7.9
3720,20.5
2036,50.0
4930,16.5
6046,6.5
5783,9.29
18,5.75
0,16.9
2174,7.29
1356,12.1
4679,12.8
3534,6.29
2826,6.3
5321,10.0
396,16.8
4725,13.0
3708,11.0
4975,29.0
1812,7.0
4477,88.0
4559,6.0
816,13.3
1572,7.86
4355,19.5
1800,7.68
2280,4.3
2429,7.4
4977,32.5
4201,22.49
5950,20.0
3648,6.8
5431,8.8
4173,61.0
3829,16.8
5291,16.95
5219,36.0
4398,32.8
4508,7.99
554,21.0
1159,5.39
1213,12.9
3482,5.35
1325,5.9
3651,13.0
4095,6.7
700,10.6
2700,55.0
4503,11.75
1847,9.5
4617,9.55
2796,9.5
1455,9.5
5271,8.5
3289,8.24
3189,17.5
866,20.8
5198,22.78
1644,66.0
2140,22.0
5816,12.5
3821,24.0
1490,8.7
5695,15.0
729,42.0
4607,72.0
3882,66.8
2620,6.95
1936,10.0
3497,28.8
1110,8.8
5114,8.45
5627,6.2
2998,7.6
2394,19.6
1185,110.0
2007,22.0
193,13.0
1515,5.44
5157,29.0
578,11.0
2123,13.0
1429,6.6
771,6.99
5755,6.7
2395,16.5
6237,460.0
1846,18.5
131,6.35
178,19.0
5622,7.9
1811,24.0
4287,8.66
2580,13.5
4019,8.0
3722,15.5
2652,65.0
5203,8.8
2073,6.48
658,6.2
1896,22.0
4622,43.0
2606,7.2
2221,5.45
5960,22.7
2379,26.0
1447,9.45
342,16.8
3996,3.6
5547,11.3
2527,10.9
727,6.79
4952,12.5
976,12.8
4861,11.5
4366,23.5
1928,5.1
4101,6.9
6136,9.7
6047,4.6
1299,7.0
4378,5.98
5784,9.79
660,28.0
1790,17.5
3759,4.0
4222,6.55
493,18.0
5078,6.45
4419,27.0
3460,4.69
5849,8.5
5798,10.5
5333,6.9
1085,8.6
5943,232.0
3409,5.0
694,21.8
1278,8.3
3198,9.9
4436,25.0
1621,25.0
2561,15.9
4393,15.5
4791,139.0
67,5.5
4994,170.0
4017,6.0
2269,8.2
6168,99.0
5900,6.9
4955,35.0
820,5.15
1226,7.85
1677,5.3
5263,7.1
2867,7.6
4586,6.35
2367,5.7
3383,7.6
5641,120.0
2512,22.0
4881,8.0
2723,238.0
5610,7.49
5544,5.5
4647,52.0
1143,11.69
397,11.5
5803,13.5
5102,8.0
786,5.79
5395,5.35
6001,34.0
1398,28.0
1659,8.5
4562,9.6
3134,7.3
2220,5.6
979,17.5
2331,8.2
1298,27.0
3578,8.7
5421,3.95
4676,6.3
82,3.9
5176,49.34
3862,89.0
4918,5.5
4214,27.0
4951,7.0
4979,35.0
2903,14.7
423,9.2
6288,4.78
1904,7.5
5711,5.99
1530,29.8
4879,15.0
1565,7.0
4649,9.2
2749,24.0
839,7.5
500,8.75
4306,24.7
141,6.9
5200,8.6
2605,11.2
3889,10.0
1377,8.8
4888,5.85
6176,11.0
2266,13.9
4633,9.0
1138,7.15
2257,180.0
5493,6.0
3995,9.4
1787,95.0
4030,25.0
550,26.5
459,4.05
2019,9.9
948,31.23
3574,6.4
4985,28.0
532,10.0
3262,3.5
6196,58.0
1829,8.3
4314,5.95
5556,9.5
5009,6.19
6102,10.19
1602,7.95
2238,23.8
639,48.0
6081,58.0
967,25.9
5568,15.5
123,11.8
1683,8.0
2248,6.99
4331,19.5
5626,11.5
3686,31.9
155,39.0
2295,25.0
3908,63.0
4990,14.5
1089,12.3
5137,6.4
2319,6.2
2940,8.4
5325,9.4
288,5.88
930,6.5
2909,12.3
3975,5.95
4883,6.5
2884,10.5
5773,8.6
4913,8.3
3247,19.0
5716,8.0
3000,6.0
4663,15.0
3717,70.0
6209,7.39
942,29.9
2354,3.2
4999,10.4
5432,7.4
5870,29.9
1698,320.0
5926,28.8
4343,14.0
3931,11.19
4239,50.0
4434,17.9
5735,12.9
985,27.0
1821,25.5
6091,130.0
5351,8.5
6011,5.65
981,13.5
5762,9.3
3622,14.0
5731,13.5
3816,27.9
4506,12.5
3880,12.8
1473,6.5
4771,6.6
6020,5.89
5825,32.0
1457,5.0
1395,19.9
264,4.95
2748,3.45
5779,64.0
2692,7.48
5181,8.7
929,9.99
4427,3.5
5560,46.5
2400,5.6
2178,23.0
4536,5.8
246,19.5
1594,5.78
1758,14.0
6126,27.9
4856,6.1
923,5.8
3689,8.68
4645,5.5
268,6.6
669,85.0
4182,8.89
1910,4.5
5007,19.45
4372,6.3
1152,5.5
5782,9.8
5168,79.0
6059,21.0
5371,299.0
2696,4.5
2591,27.0
5326,7.9
1781,7.49
2413,9.7
3013,16.0
5499,12.8
2307,7.0
3544,59.0
687,45.0
1915,6.4
5925,8.5
612,11.9
3071,7.9
5569,6.0
3200,4.75
2267,5.5
6039,72.0
2533,9.68
39,24.0
1898,15.5
1649,9.8
5406,8.5
258,34.0
2924,5.4
2434,9.5
847,22.0
2822,4.7
5221,4.35
3339,13.0
5338,9.0
5479,6.2
4184,14.49
1233,5.7
1127,12.8
3870,7.9
1967,38.5
558,18.3
904,10.2
2614,69.0
3143,25.0
484,4.6
2211,27.8
1320,7.49
3699,52.0
2555,7.35
7,17.5
2315,18.5
5332,48.0
4594,6.5
4525,19.5
5529,8.0
1450,8.35
1201,28.0
2426,4.3
2648,7.95
1814,14.99
2726,5.7
773,17.5
2274,7.78
1011,145.0
4244,20.0
3168,4.79
3844,13.25
1991,4.38
1277,5.9
1783,7.99
4462,45.0
446,43.0
880,36.0
4880,11.5
5613,19.0
2727,11.4
3048,7.6
5050,19.0
781,6.2
2651,8.65
6117,7.5
1749,16.99
2126,16.2
4076,4.5
2791,2.7
2423,5.2
6148,17.9
5426,4.5
883,10.6
5638,9.1
1091,4.95
6213,9.8
4329,20.8
531,5.7
5491,5.95
2438,9.5
5105,16.8
5899,2.75
2608,8.6
5160,22.9
2290,8.7
1727,7.48
610,6.95
570,3.8
1979,31.5
1317,2.7
343,9.8
587,5.4
4905,38.0
636,4.78
434,10.6
1903,6.59
3215,6.7
97,8.0
5184,19.0
5059,14.5
3749,65.5
5998,7.79
2069,9.8
1537,15.5
3806,27.0
4338,9.8
5006,5.3
3690,66.0
1517,9.29
965,6.55
5537,48.0
528,4.8
176,4.3
2470,3.3
4740,32.0
6007,11.0
3001,7.0
5389,14.8
3425,75.0
572,11.5
3625,34.8
592,8.9
5850,6.9
3062,7.5
5913,65.0
2374,4.7
3064,14.5
5906,40.0
5482,4.7
4055,12.95
4403,4.35
2208,12.9
6118,11.5
2492,7.8
4195,5.1
383,6.5
852,5.45
1880,23.0
370,7.5
5789,8.6
4438,24.0
5464,6.8
5429,9.29
1105,6.99
4038,8.3
2361,18.5
5061,14.0
1336,5.6
2189,3.39
5778,5.7
5673,1.03
3659,17.3
2246,5.5
4322,6.9
6100,10.49
1171,7.8
3274,16.5
5983,10.99
2001,5.1
1422,7.5
2686,12.59
5647,9.8
3685,13.0
4122,12.0
5224,279.0
1464,10.8
874,3.95
2297,6.3
2643,8.5
3667,25.0
6128,7.01
1251,8.9
3693,45.0
840,6.8
4959,30.0
581,8.5
204,14.0
1641,9.5
2014,18.8
3253,6.6
4634,8.9
905,6.4
631,9.8
6034,30.0
6289,7.0
1974,16.9
162,31.0
6187,23.8
4280,45.0
5655,9.8
3979,4.45
617,17.5
875,9.9
1431,8.66
2973,9.5
4351,12.0
547,12.7
4635,7.8
5722,125.0
5643,14.6
3614,22.5
3750,26.9
3435,5.5
1851,12.5
3891,78.0
5136,6.9
2856,31.0
1861,4.97
2659,7.89
3384,7.2
5781,5.3
640,6.8
4149,19.5
1009,16.8
3366,4.6
6154,15.8
637,13.0
3331,13.99
6133,5.9
4722,13.5
2308,7.8
3145,7.4
5459,23.5
2096,6.45
3896,98.0
1956,2.4
1372,21.5
5819,18.0
921,8.79
5756,12.0
546,31.99
1449,8.59
2804,7.3
2610,7.2
1900,8.2
2757,6.74
2028,39.0
2301,22.0
1885,42.0
1642,8.9
972,32.0
6051,7.69
2097,5.35
5469,4.95
5654,8.45
6256,11.8
836,13.3
3471,5.87
601,6.99
2184,2.8
5003,7.7
3901,9.9
5405,9.1
1582,25.0
5355,25.5
3973,6.0
2010,7.8
1070,6.55
1775,320.0
6050,89.0
1283,6.98
5238,39.0
5982,27.5
1836,4.2
5327,11.5
1019,12.5
970,8.2
1326,6.65
3700,12.6
475,8.99
2810,7.3
4713,52.0
1651,7.2
5845,175.0
5375,28.0
2528,25.0
4093,22.5
6253,7.6
4056,13.4
1373,7.45
739,7.59
4832,9.3
3833,7.99
867,22.5
2974,73.0
1140,6.35
997,15.5
1337,19.8
541,12.8
1099,5.95
1132,6.2
6105,6.79
4165,65.0
2258,6.1
5093,3.65
3390,3.38
2962,9.5
59,7.25
3259,9.9
2206,25.8
1938,12.5
4047,5.7
6219,12.9
4071,17.9
2813,9.95
5451,8.4
3793,19.0
1078,5.55
4751,7.0
5780,13.59
3586,4.8
4481,6.5
4162,4.5
6107,8.5
2630,6.9
5039,8.6
3909,6.3
4453,6.6
940,25.0
1080,3.7
187,10.4
1795,7.7
4336,8.9
2085,12.95
2249,39.0
4348,27.5
6161,8.2
2023,7.2
4354,9.5
1492,7.5
4825,23.0
4272,10.0
226,46.0
1013,12.3
2583,19.0
1929,10.0
5476,3.7
5649,16.2
1404,28.5
3956,14.8
2179,9.8
697,9.8
1124,3.99
3282,6.98
1093,8.0
4315,11.9
1778,6.4
2634,28.5
3091,35.0
5360,14.8
4727,16.5
3489,5.56
1656,9.8
1037,9.8
5245,35.35
2256,7.2
4196,6.6
6225,13.5
313,160.0
2649,25.0
2281,16.8
4096,13.5
5552,24.9
2547,12.0
1416,5.25
1036,10.9
2159,8.48
2984,7.6
3137,4.6
6097,63.0
1754,9.9
4471,75.0
4241,8.3
1428,6.5
4022,8.4
2520,60.0
3967,11.7
873,40.68
4643,6.7
4705,62.0
1506,6.79
5902,6.79
1923,5.75
448,4.9
3836,9.0
4618,10.0
6258,23.8
4028,9.1
3655,12.19
3727,11.8
3257,6.2
361,8.9
2183,4.65
1134,6.35
5070,9.8
3199,5.87
5014,25.5
3438,6.1
2155,29.0
1830,7.8
1053,29.0
2460,9.8
22,34.0
2066,8.5
1653,11.3
4060,19.0
4541,10.0
2743,7.4
1376,3.86
6152,6.9
2468,9.9
3754,16.3
2325,6.99
460,5.9
1067,45.0
87,5.75
1430,9.9
1486,3.98
3678,4.5
4629,60.0
282,6.79
2483,9.0
462,12.5
212,7.5
2588,8.45
3922,10.5
3537,60.0
3852,42.0
2907,6.6
2581,7.95
1368,27.5
234,5.5
4209,7.8
597,10.0
5559,13.5
2250,9.29
5113,11.5
2283,3.5
662,6.4
6252,22.0
2285,5.55
3431,7.3
5935,28.0
5488,9.5
5632,12.7
4085,9.5
5746,16.8
3468,5.99
3927,5.5
3601,8.0
2990,17.6
5599,7.0
779,6.7
2544,1.95
4668,4.28
4528,6.39
4700,22.8
4599,5.95
4534,9.2
5182,22.5
6085,34.9
685,18.0
3988,8.73
3915,5.85
3243,7.28
1748,7.65
2003,20.2
4865,3.2
2837,2.4
3697,20.0
3032,5.8
2171,3.85
1850,7.3
487,9.0
1688,5.39
2230,10.7
3473,9.8
4584,4.39
2320,4.8
782,9.45
521,6.55
522,8.9
2939,7.4
5217,9.8
5066,11.5
2398,6.6
2207,6.7
6083,6.9
780,29.0
4917,3.2
4248,1.88
1511,25.5
1882,69.0
651,15.5
4684,450.0
2196,11.0
1801,3.4
369,24.8
5495,7.0
6262,14.0
118,16.0
377,9.5
216,15.0
2216,5.65
5519,7.5
1613,65.0
2883,5.4
4505,23.5
5648,10.8
3632,28.0
962,5.25
5666,2.35
2510,26.5
5908,4.8
4786,6.0
4845,7.8
359,24.0
3839,13.5
4194,13.4
1246,32.8
3408,3.7
4375,17.5
2415,29.8
6080,8.7
3694,83.5
5317,1.35
2185,26.5
4247,7.0
2567,9.9
3423,10.3
2037,9.5
5384,5.45
772,9.4
1284,8.3
5788,49.0
3562,6.6
5961,6.4
2587,8.9
5754,8.0
1414,6.68
1234,9.6
398,3.25
435,59.0
1674,5.85
3299,9.5
365,8.5
4121,9.0
4020,6.8
231,35.0
5356,16.9
147,11.4
5528,105.0
3088,8.3
4960,200.0
3554,56.0
407,4.98
5814,12.5
3692,15.0
3456,4.27
2090,8.5
86,5.49
3576,31.5
3271,12.9
844,21.0
1031,19.5
4909,5.5
4539,50.0
5705,5.5
2987,6.68
4560,285.0
2628,4.6
4708,5.3
3244,6.18
855,9.5
3926,4.7
3003,7.65
3984,7.55
78,23.8
2992,15.0
2247,6.8
6170,6.4
5748,10.5
6073,20.99
758,17.0
4406,12.3
3355,27.5
788,7.45
2279,6.2
4082,7.3
4074,7.5
4454,6.0
5228,46.0
5008,19.8
3631,30.0
4702,22.65
4126,32.0
2176,48.0
424,9.0
392,21.0
5580,18.2
5946,9.7
2239,16.5
104,2.8
2672,6.3
6037,7.78
4039,7.2
2068,3.3
4237,7.85
3493,6.95
1948,18.9
1459,14.8
4529,20.8
1768,8.85
3298,6.5
743,15.0
5129,6.39
3835,88.0
6026,8.9
1587,12.5
4866,43.56
1731,5.49
5997,52.0
4333,33.0
4900,15.5
182,16.5
1791,7.4
2355,18.5
1940,6.8
702,20.0
2442,8.9
5931,9.13
496,4.05
4890,3.4
464,4.8
163,6.6
5443,5.45
172,23.0
2020,29.0
6036,8.89
3764,24.0
5605,9.9
2540,8.8
6244,11.5
2009,9.8
2260,6.7
3084,24.5
2112,14.8
900,22.0
1446,78.0
1911,5.8
3897,95.0
3542,7.49
2697,23.0
4920,8.1
3662,9.0
741,80.0
2293,8.8
2452,6.25
3802,37.0
6137,5.0
5418,9.5
1206,6.6
509,16.79
3716,7.0
5223,25.0
1764,15.0
1549,9.7
3029,18.0
4741,8.9
2044,23.5
767,8.4
1508,4.2
6123,6.5
5231,57.0
4108,15.5
3292,4.45
819,17.5
1403,2.98
1382,23.0
2148,10.8
1638,9.2
6057,3.8
399,2.3
882,36.8
3565,6.9
1179,5.65
4279,45.0
2130,16.0
456,8.0
1950,7.0
689,15.8
4969,5.8
1953,40.0
2710,7.0
4661,14.7
1884,8.3
4728,7.3
2494,4.65
3036,7.9
3603,70.0
845,10.8
542,4.9
3724,42.0
3679,14.5
5148,36.0
4308,23.0
2964,9.7
2529,6.7
1048,6.3
1960,14.0
2530,6.8
4623,7.9
237,11.5
1133,5.4
4641,10.0
4716,5.0
2978,8.8
5314,13.29
3919,12.9
3138,4.7
5614,8.9
4073,7.7
5404,6.95
3229,8.2
1826,9.99
593,19.8
2725,19.2
4137,17.0
560,115.0
5089,6.7
243,8.4
4347,21.0
405,75.0
1442,20.9
261,15.5
5741,16.8
1689,9.95
1725,5.69
2496,3.6
4215,27.8
340,175.0
4377,8.25
1601,6.6
3725,5.3
6236,8.9
2785,9.7
1523,8.0
4706,16.9
5586,200.0
5836,205.0
1766,16.5
4037,9.9
4970,82.5
5099,7.0
5887,6.79
363,7.3
6229,7.3
5663,5.8
5015,52.0
5815,13.8
2562,8.95
4385,27.0
5774,4.65
3083,7.3
5984,17.0
2102,22.0
632,6.7
2493,6.4
2665,9.9
5802,5.7
4614,9.5
4456,35.0
2334,3.2
4816,6.7
3619,33.0
3883,16.5
4259,61.0
1494,2.3
2401,5.8
3874,32.5
1232,6.9
2661,11.7
2817,12.8
5751,8.3
4995,22.5
4153,5.1
3061,13.9
5378,19.5
6230,12.9
1735,7.3
2823,6.7
4304,26.0
2475,44.0
2564,62.0
5302,1.36
4862,14.0
707,5.75
3046,9.0
5369,10.8
4982,135.6
72,6.6
5890,11.25
1190,3.6
2601,7.45
1125,175.0
1241,9.8
5639,11.8
5195,6.8
4008,6.5
1577,7.9
3906,75.0
3729,8.4
1343,25.0
6281,69.0
440,5.6
1100,5.4
2637,6.8
4424,32.0
649,3.88
1546,23.8
4778,6.99
4796,4.9
2852,17.8
3503,7.4
4522,7.0
630,11.9
1249,19.5
4418,6.4
482,36.5
1584,3.9
1462,3.5
3040,8.65
4834,23.9
3273,3.5
3683,62.68
4145,14.0
4423,15.0
3225,5.28
1072,3.99
2631,7.5
1660,9.5
2425,9.0
5823,4.95
3097,17.9
3976,9.0
5633,6.1
5979,12.9
4466,7.7
4986,5.0
1408,15.7
1845,33.9
1798,9.99
3957,13.5
1475,5.95
35,12.5
444,2.59
2359,109.0
3654,9.95
3179,8.2
1286,5.5
6259,8.5
3416,10.0
2137,13.9
2636,8.95
4016,6.1
6084,5.0
1681,6.25
4570,7.0
1692,9.0
5475,9.49
5011,3.9
3635,15.0
372,300.0
4828,7.5
140,6.98
5867,49.0
5174,7.5
714,24.8
3188,8.0
5557,33.0
4394,16.2
406,3.5
20,5.2
1004,12.5
2411,7.3
2545,6.8
2390,8.1
5057,15.68
42,20.9
2830,5.29
3371,25.0
3022,7.8
3364,24.5
11,28.5
1177,4.7
1947,22.79
2501,8.5
2863,9.0
3865,7.9
1026,5.95
3848,32.0
2989,9.15
961,7.7
2889,25.0
3015,39.0
3338,10.3
4437,3.2
735,9.4
1440,3.6
2875,11.8
3986,6.78
916,173.0
5253,11.5
4089,40.0
5817,11.2
4915,10.2
2772,22.0
1624,5.8
4988,47.0
821,12.35
1367,14.6
3712,14.5
5657,36.0
850,3.4
1000,16.9
4672,11.5
4114,6.8
1637,54.0
1667,14.3
3173,9.9
4782,4.78
1347,24.9
4912,4.57
3230,8.2
4416,9.5
4830,5.6
3232,12.9
5149,19.0
703,6.55
6180,9.2
3291,2.65
3673,8.3
2408,11.0
1327,10.6
5863,4.2
5684,14.5
5260,11.5
986,19.5
5712,13.98
5412,6.8
5830,25.0
4049,17.0
3485,8.3
2474,6.99
3873,6.95
1198,27.5
4181,9.9
1518,11.5
1799,14.5
1014,5.95
128,7.5
1364,6.6
5570,40.0
891,13.5
2793,10.9
5286,13.2
6000,7.59
5397,16.8
3249,4.0
1208,18.6
3868,8.1
5651,29.0
4065,5.9
5383,16.7
1239,6.1
2289,6.0
2740,5.6
275,4.8
1035,3.15
1229,26.99
1008,10.0
3828,20.0
2532,22.95
1058,9.2
4674,12.8
281,22.379
1043,8.8
1316,10.8
968,23.5
2381,17.8
5022,7.9
1939,38.0
4510,38.0
1274,9.97
619,6.89
4564,12.6
1742,21.0
1390,4.98
5125,7.9
1579,7.45
1655,12.8
3568,5.7
2352,11.5
2212,4.5
6261,68.77
3178,12.8
3192,9.9
1307,9.7
575,29.8
2360,6.99
1280,9.5
5121,7.55
5212,3.98
1993,28.7
2639,35.5
269,4.3
629,8.2
4657,26.8
3081,7.0
3466,6.68
5494,5.75
4396,21.0
4023,5.4
2046,13.8
4356,3.99
4940,13.8
2113,13.8
27,6.95
2040,14.8
3928,4.95
5692,10.0
3216,7.6
3814,130.0
129,7.9
4660,8.5
6183,6.2
13,12.0
5398,8.7
1525,8.49
2365,5.5
3052,7.6
4005,22.5
2340,13.9
374,6.1
4582,5.19
5795,65.0
939,8.0
6030,6.49
2147,14.5
3591,6.58
5715,8.6
5294,24.8
3623,12.0
529,13.5
3714,25.0
1269,14.5
4281,33.0
1394,7.99
4009,23.8
4390,7.45
1797,10.0
2979,79.0
1441,5.4
4701,22.6
6139,7.5
3811,4.68
1273,9.9
1712,23.0
955,11.5
4655,4.88
5030,17.5
5565,23.0
403,4.55
2071,3.35
5985,9.8
1977,5.67
158,19.5
3888,11.5
902,8.5
352,5.8
4130,60.0
754,14.0
2971,88.0
6268,58.0
2920,16.5
311,5.15
661,10.8
1989,26.0
3665,7.39
306,19.5
2335,8.9
2356,34.0
3702,12.8
3804,25.3
1927,15.2
3427,75.0
749,4.39
3638,36.5
4573,6.18
1266,8.1
4772,5.6
5563,19.6
3595,5.6
2134,14.0
4109,56.0
514,7.69
5628,8.7
409,9.9
4690,88.0
6273,100.0
6226,35.0
5453,4.68
207,10.45
458,25.0
2054,3.9
2430,9.3
250,7.99
5373,16.7
1107,6.8
5106,7.3
1713,8.6
3911,110.0
715,10.9
552,7.6
1439,4.2
2270,41.0
3144,4.05
6015,10.0
1925,12.8
634,12.8
316,6.5
6140,26.68
427,3.0
4666,58.0
105,26.0
3041,9.9
4238,22.0
2169,22.0
1709,15.5
89,7.5
2241,21.0
3174,9.9
4693,60.0
1949,4.68
4044,19.5
2848,9.8
1,5.95
4337,21.5
935,6.2
5388,6.16
2720,3.15
591,6.35
4715,2.3
2936,24.0
2448,15.2
1576,41.0
5281,8.99
213,3.68
778,8.8
3496,9.7
4935,10.0
2043,13.9
5710,22.5
1567,6.5
165,11.5
3566,18.7
4813,11.5
5990,41.5
2013,7.6
273,14.2
3860,18.5
4167,13.9
5023,11.0
3788,4.9
394,29.0
583,6.2
6278,60.0
5840,138.0
6025,8.5
520,5.6
1763,5.55
1875,168.0
3965,8.9
3344,17.5
2253,4.7
3224,4.6
526,5.58
2946,2.85
4473,180.0
3899,85.0
692,6.19
5955,7.65
4444,13.0
3633,6.5
1050,3.6
590,7.7
519,8.9
3676,17.0
5808,3.4
1607,2.75
3610,9.9
6012,11.89
1809,7.45
791,42.9
792,7.98
5178,35.0
1855,7.2
1980,7.3
3233,8.8
3598,24.0
933,9.7
3963,5.9
5848,650.0
4179,305.0
4026,7.2
4116,4.38
988,10.0
4850,36.0
3453,4.95
5750,16.5
3778,68.0
5282,22.4
3093,12.6
3155,3.7
3201,4.98
5079,12.0
1098,11.7
5230,59.0
2844,8.28
886,11.5
6214,4.2
4878,37.0
515,16.0
5811,16.5
1453,4.5
3553,11.8
3609,8.8
4665,5.85
2506,15.0
2994,26.9
3999,10.6
906,13.5
28,7.5
2507,15.8
2428,34.0
762,6.4
3747,9.0
284,12.5
686,18.0
2353,7.5
5065,7.5
5407,8.8
21,12.5
2752,12.5
885,3.35
917,8.9
1040,4.1
1265,17.8
4579,240.0
5447,46.0
277,6.8
2084,39.0
1245,33.0
2382,180.0
571,6.7
1435,9.5
3902,16.0
1247,9.5
4681,66.0
3526,5.5
2514,26.5
1007,15.3
4543,7.5
5452,4.0
2064,6.9
4967,44.8
1690,7.5
5433,6.99
1985,20.5
294,16.5
1547,17.9
2012,7.58
588,11.95
3329,32.5
2403,10.8
2129,26.5
3998,10.0
5975,13.0
3741,15.5
3508,6.19
2719,5.4
4521,75.0
6293,45.0
5740,27.0
556,33.5
2469,5.5
3738,43.3
4286,5.66
5183,14.6
1716,12.3
2604,4.85
5194,6.64
1704,4.98
2139,12.75
3239,4.99
2383,5.99
4311,12.6
1285,7.6
5359,4.3
5624,4.15
3930,8.49
4756,24.5
1591,5.8
6112,22.5
2162,68.0
2396,22.0
317,5.2
5650,8.5
3111,6.39
5035,6.78
4036,11.9
795,54.0
3020,5.5
1711,8.5
3387,17.0
36,10.2
4549,33.0
913,19.0
3972,27.0
4133,4.2
974,14.0
983,9.3
5139,6.25
1418,18.9
1560,6.35
4135,3.8
5018,9.0
4265,5.4
1355,14.8
5973,7.8
987,60.0
2682,8.4
1640,4.79
1290,4.78
3681,7.9
1380,9.5
1933,51.0
4675,9.5
5298,4.5
3160,13.5
2030,2.5
892,8.49
4069,7.65
4255,7.5
2,12.0
2109,24.0
849,7.5
2737,8.5
2466,6.55
1914,64.98
1596,7.5
1913,8.28
5932,18.8
2736,5.85
726,7.4
53,11.0
1796,8.9
3845,13.0
2553,24.6
2800,38.0
936,7.5
5192,5.75
824,5.68
4321,4.79
3401,3.9
1389,15.5
3564,8.9
884,9.9
1868,7.6
10,6.1
3415,7.7
1463,2.05
806,4.79
5132,14.4
4945,31.8
4068,2.0
2108,4.3
5316,2.65
6243,11.0
2234,6.5
963,4.0
4494,229.0
2632,6.25
704,6.95
431,3.98
4388,22.9
145,8.5
2033,7.8
5283,8.3
1165,5.8
3500,5.5
2050,4.2
3760,56.7
2624,7.4
4484,4.85
4435,7.5
5013,13.5
6179,6.0
4361,12.0
2424,13.5
1262,18.5
1771,23.5
3511,7.6
271,18.2
4792,7.2
6271,75.0
244,26.0
6109,7.49
4572,9.5
2032,6.3
5138,8.25
813,165.0
3810,10.9
5112,7.4
1804,4.7
5346,16.8
4346,5.55
2461,9.8
545,5.6
3241,7.09
738,21.0
310,5.4
3521,8.1
1131,5.4
6202,5.95
4111,29.0
2769,5.95
920,18.5
3587,8.8
3959,19.9
38,6.0
4459,20.0
4278,19.5
2983,9.6
6283,15.5
2667,4.68
3223,43.0
1182,5.75
614,8.0
6184,35.0
1466,4.35
4497,6.5
3042,7.69
934,23.0
2419,9.5
5681,7.5
5100,5.86
4822,6.98
826,2.5
1521,6.55
2930,19.5
4232,5.95
628,4.95
4430,8.7
3853,23.5
390,11.9
4345,15.2
6141,3.9
400,9.39
4806,6.2
5085,15.0
3359,93.0
46,5.0
6040,8.2
6205,6.35
3642,5.95
3726,12.0
6113,11.6
2421,12.99
1750,15.8
6087,7.35
5156,41.0
4062,2.8
338,17.8
215,7.55
3663,17.5
1341,4.3
5758,12.5
3894,70.0
3640,12.0
329,5.6
3004,5.79
6016,10.45
3115,35.0
6090,120.0
2322,32.0
4197,6.8
3549,6.19
1458,23.0
171,6.7
4203,30.0
5272,8.7
3569,6.8
4226,5.5
6158,6.66
5187,9.8
938,83.0
60,6.05
1240,17.5
5261,10.9
2120,21.0
1524,9.5
153,9.29
481,450.0
4460,75.0
3920,5.5
1762,22.0
750,7.48
1785,36.0
4501,7.7
4853,7.0
2711,3.1
5087,10.3
4193,15.4
1333,15.0
5601,7.35
2854,7.8
186,10.0
1136,6.1
2058,22.9
5274,9.5
148,55.0
4124,20.0
4889,9.55
3363,7.9
4788,22.9
2866,5.98
3776,17.2
1386,5.98
5952,10.95
5210,5.0
3629,98.0
5665,5.1
4797,6.5
3028,5.25
2969,7.3
5468,7.2
1708,34.0
2953,39.0
454,3.3
609,1.68
4263,45.0
4826,32.0
5335,10.6
2074,3.0
4052,8.99
5117,80.0
1622,29.9
4683,8.8
5513,30.0
40,6.8
2089,8.5
3924,12.5
2175,129.0
74,3.39
5036,22.3
6212,11.69
2657,9.9
3180,9.8
2076,43.0
441,34.0
2051,8.7
2541,5.75
1301,7.5
3430,40.0
1304,14.95
236,9.4
5246,23.5
2599,9.9
4616,3.5
2573,5.6
3280,8.9
3186,5.35
3953,6.45
2768,38.3
4831,25.5
4223,27.8
2106,6.3
2679,5.15
2761,16.5
4688,7.5
1387,52.0
5910,1.5
5698,48.0
5000,8.6
1279,4.95
6095,17.5
6173,80.0
1555,13.6
5693,34.0
3190,13.1
4566,47.0
4802,5.75
5905,95.0
4841,95.0
3594,10.5
1920,5.75
513,3.99
4177,10.99
1308,7.9
914,67.0
3452,9.4
3695,10.99
4242,13.5
3156,16.8
2198,3.2
774,5.5
4425,23.0
943,16.5
822,8.6
5005,57.0
4277,7.8
164,7.8
4547,9.8
3983,4.5
2538,13.9
6009,8.1
1311,8.0
5723,8.5
6195,39.0
5844,35.0
3300,3.5
3310,32.5
327,15.4
2490,10.8
5898,9.0
4408,58.0
832,13.3
3079,5.18
3462,9.0
5514,4.19
54,5.4
4064,68.77
3451,5.3
1901,11.5
1481,4.8
4873,5.9
4895,10.0
4150,6.5
3335,8.5
4926,11.9
946,57.9
3293,5.95
2161,12.0
5083,5.1
5330,9.3
3057,20.59
768,7.3
5920,6.5
3495,6.95
285,27.9
6222,47.0
4524,13.5
5598,14.0
2332,6.0
2717,7.8
2079,35.0
3389,6.95
722,5.95
951,11.8
5483,21.5
2262,8.3
989,20.5
3212,25.0
1759,11.8
5169,119.0
4422,10.5
1724,3.75
341,27.0
3701,4.5
4243,10.0
688,25.8
3432,5.75
4944,115.0
966,19.5
5947,42.0
2203,158.0
2713,8.8
4757,18.0
5098,6.0
5542,10.8
5760,6.85
3572,27.0
4805,10.0
1990,4.58
4120,16.0
4759,6.8
5164,16.5
5498,36.0
4971,39.5
5034,9.85
3600,8.6
5745,7.2
6269,13.0
5189,8.48
385,31.0
5489,11.5
5747,27.5
536,7.92
5873,25.0
5032,4.85
4212,48.0
3507,10.0
201,7.4
1332,72.0
3502,4.37
2708,13.6
5031,9.9
4662,28.0
4021,15.99
1854,10.5
6185,16.5
2872,18.0
3030,12.5
1205,3.6
1645,12.0
3417,6.6
3476,7.55
2861,8.9
1792,9.5
3797,20.0
3368,22.5
3367,31.9
3533,16.3
5520,35.0
5109,9.0
3449,8.6
603,12.0
3056,14.9
5473,4.05
126,16.8
3876,8.8
2935,10.9
4451,6.5
3531,7.49
2730,399.0
827,8.3
1639,35.0
984,3.59
3281,9.5
6260,34.76
2188,12.5
5799,58.0
2443,6.94
362,9.5
2349,4.58
345,7.35
814,15.5
4807,11.4
3205,8.99
5229,54.0
6035,7.0
3325,19.9
4106,12.0
2116,10.8
1834,18.9
793,9.48
6287,14.5
2674,9.2
94,10.4
4225,27.0
3756,18.0
2891,5.45
2371,4.7
5216,8.6
5576,7.6
3228,8.7
5609,4.7
2853,40.0
1865,10.99
4612,23.0
1857,13.6
2645,9.5
2243,9.5
2336,16.6
950,8.7
3068,16.7
1120,7.4
2597,5.2
2204,2.9
419,6.0
922,5.5
1254,12.49
477,15.0
2035,22.0
1202,28.0
2626,16.7
6060,2.9
1970,11.5
3110,8.6
4018,12.5
2151,10.95
3687,23.0
4916,12.5
1997,10.7
4033,17.6
6177,3.49
3054,8.55
1248,26.0
2192,7.8
2712,7.3
992,9.5
2190,6.38
4670,11.5
5142,11.5
3762,11.68
3597,6.89
4711,6.0
1318,28.0
1863,60.0
2343,12.5
2449,3.4
2136,21.0
1065,10.39
6247,9.5
4227,7.3
2621,8.6
77,4.45
2898,8.59
4820,5.14
1314,6.1
5492,12.5
872,7.2
3850,16.8
6024,7.75
2965,8.9
3391,21.5
2560,29.0
6169,4.59
2635,12.8
5256,18.0
3530,10.6
375,14.99
1908,32.0
4429,16.5
5916,40.0
5501,9.9
4027,7.5
1604,6.8
1118,7.5
3677,55.5
3490,4.1
6125,19.0
2958,3.59
1994,27.9
6242,80.0
5466,24.5
2376,125.0
1342,17.5
320,11.7
1619,24.9
3713,3.5
5763,8.5
2060,4.98
2219,135.0
1673,33.0
260,6.7
5555,18.5
2039,12.5
4785,47.6
901,7.4
3744,13.5
2026,7.99
4234,5.9
1917,8.1
1828,6.9
1573,7.4
4415,5.99
4749,12.5
5521,16.8
4654,4.0
4208,15.5
4627,26.8
224,6.98
723,8.8
5645,13.65
1141,5.35
2762,21.5
846,7.15
4289,8.7
5042,9.8
2551,33.8
2928,47.0
117,8.68
645,4.79
3,26.9
4170,13.9
467,4.95
5,36.5
919,20.5
2595,7.1
4324,7.6
1063,3.2
2590,4.79
242,7.2
5474,24.0
1160,5.15
2870,8.9
3735,7.3
2397,12.5
3517,6.79
3421,17.6
2563,11.99
1605,9.2
6072,16.89
2324,12.3
2709,11.5
5527,125.0
1312,10.0
3448,9.6
3812,39.0
5856,7.78
2362,4.68
1975,5.2
3514,4.7
1761,27.0
2739,7.8
5939,8.5
2472,5.68
4007,7.0
4718,1.98
1493,6.95
4206,23.0
2158,33.0
1169,4.58
6082,7.9
232,12.9
66,4.5
1603,14.0
3283,9.88
3596,56.0
4632,5.3
125,4.8
5350,9.6
1296,18.9
1976,26.0
5686,5.5
5640,70.0
2075,7.9
4580,11.5
5948,32.9
3086,4.8
5456,4.35
3345,21.0
5620,7.7
2797,15.0
918,15.9
1646,8.0
5122,230.0
5126,4.68
4978,17.2
4621,22.9
364,6.95
3287,12.5
2125,15.0
4123,12.3
4569,7.5
525,8.5
4821,4.8
55,7.8
638,15.5
302,38.0
2766,5.7
1276,7.35
4720,13.5
2055,41.0
5376,20.5
5145,19.9
4432,42.0
3644,6.75
4143,6.9
2878,12.6
4202,19.0
5175,45.85
2286,5.1
2261,37.0
5240,50.0
2296,19.9
1753,10.8
5197,17.5
1968,7.5
5462,5.9
3117,8.0
2393,4.28
523,8.68
3900,6.49
5869,21.0
4699,30.0
5551,8.2
3122,12.5
4156,29.0
1969,12.9
671,19.5
4188,7.9
666,6.5
5448,17.5
1887,5.4
3266,11.9
280,8.6
1719,9.0
2947,6.1
4455,21.0
899,6.5
6103,11.19
760,9.8
1906,23.0
4042,22.0
3823,20.0
4138,3.9
3818,10.3
4300,4.35
2593,15.5
4164,16.0
3031,7.2
3579,10.0
2832,9.76
5449,11.9
3472,58.0
137,8.4
4892,6.68
2180,16.5
2128,22.0
3177,10.0
4854,7.6
4637,12.5
5115,6.75
5484,17.8
4261,5.8
4344,14.5
1331,15.3
2017,30.0
4542,39.6
2482,4.5
1358,5.9
1329,9.5
6204,6.1
2150,380.0
4530,6.7
2122,29.0
4673,8.0
3981,8.75
1252,18.9
3278,17.99
3374,3.95
2814,15.9
4719,2.3
1848,45.3
4858,33.9
3037,5.18
388,8.4
235,5.15
1077,13.5
1984,6.8
4363,17.9
3962,130.0
770,5.9
2165,8.6
4533,14.3
673,14.9
249,5.5
1574,7.05
3419,8.8
2081,6.49
1823,29.5
5826,18.0
6023,8.2
4544,9.5
716,8.95
6279,60.0
5876,14.2
2048,5.55
5264,16.0
4178,30.9
4809,7.0
2724,125.0
5690,23.6
1460,9.99
1668,5.6
2756,33.0
2000,11.0
4571,12.5
4613,14.5
404,22.0
384,5.6
5652,32.0
2152,9.2
1633,9.89
5770,8.2
4784,25.0
3925,23.0
5336,9.5
4158,200.0
4948,165.0
5358,10.2
223,12.5
2193,7.0
3136,23.0
4469,21.5
1824,35.0
5785,23.99
5124,6.4
4972,62.0
797,54.0
2871,7.5
9,15.8
1944,5.95
1838,6.5
4804,10.9
255,27.0
4485,35.0
5672,1.38
1581,6.08
2956,12.99
924,11.9
5573,19.5
2508,5.48
5024,175.0
5320,176.0
3775,31.0
4835,7.3
4136,15.8
4964,44.5
2779,6.95
539,6.5
2745,17.5
5659,6.8
5749,42.0
5467,4.28
1145,4.95
5127,12.3
4468,25.0
667,9.5
3019,7.35
357,8.9
5063,5.8
2831,7.7
2783,6.38
1353,6.9
5131,7.55
470,7.5
2703,9.9
3330,21.0
1396,29.9
3584,8.49
5646,99.0
5262,13.0
3376,10.0
1256,17.0
3512,6.5
1250,7.89
5348,7.7
6049,6.25
4298,36.5
3284,6.0
2933,8.4
4175,9.49
5268,18.7
4910,6.5
1852,8.5
5889,75.0
6131,22.0
2105,4.59
133,23.8
5236,59.0
5029,27.0
928,6.8
823,21.0
5719,12.5
1531,40.0
1214,6.9
504,7.68
4285,4.8
1996,9.5
3072,4.85
1958,6.66
1384,8.7
894,6.5
4924,5.35
455,15.5
5834,175.0
3709,16.5
5809,20.5
4849,5.99
4748,9.8
4268,2.35
3522,8.3
4134,31.8
3602,48.0
713,290.0
4186,31.99
2214,9.9
5301,18.0
2923,26.5
1810,37.0
3486,4.5
3141,53.0
1827,10.5
1155,12.89
1324,14.5
4312,13.6
510,59.0
1680,11.3
499,15.7
5709,6.79
1856,18.0
1388,6.3
5615,9.5
3719,8.9
2386,7.2
5541,10.0
3236,7.5
1540,28.8
1217,10.0
2681,11.8
2993,18.6
5512,9.2
1191,16.8
5293,7.55
1542,7.95
3301,30.0
3324,7.6
2539,15.0
953,8.9
4846,68.0
4330,58.0
732,9.9
6290,3.58
1156,16.5
5833,203.0
3294,8.2
2982,9.5
5305,7.6
5161,11.6
2156,14.3
1062,8.55
2616,14.5
1167,11.48
3222,6.93
3636,6.6
5588,6.6
2938,13.9
4491,33.0
3140,220.0
4980,6.65
143,5.75
6238,8.25
3577,7.5
4946,8.3
2782,31.0
717,26.0
1819,17.0
2502,8.78
4360,7.35
4171,14.08
395,13.0
6086,59.0
4492,30.0
1365,9.2
5736,4.7
595,4.3
3952,3.95
5392,6.15
4968,60.0
2914,4.25
2326,4.74
5644,14.0
3766,26.0
3440,9.5
3851,4.6
4132,36.0
5775,3.8
2143,25.0
5806,16.0
5073,11.99
1571,9.4
4079,2.68
1122,10.4
2786,48.0
2967,5.6
2504,10.0
3465,14.0
675,7.2
2808,8.5
3348,8.95
728,12.0
412,26.8
3146,7.0
1516,6.5
825,6.4
3267,9.3
3974,5.99
616,10.2
114,16.9
417,5.5
3069,11.3
1625,28.6
6239,8.6
4185,15.49
2896,4.85
5879,165.0
2082,9.5
753,7.6
2546,16.4
3969,9.49
3373,4.5
5726,8.5
4107,11.89
2444,6.5
4380,11.2
1066,10.8
3913,16.3
5287,9.5
5536,14.5
5387,11.9
5732,16.8
3498,34.5
2738,7.2
5052,20.0
4000,19.8
1568,8.4
2427,2.4
3746,4.5
5837,120.0
1687,25.0
851,6.3
3546,8.4
895,13.5
4592,350.0
335,15.5
2839,8.5
3087,7.0
4611,60.0
1348,7.5
1015,5.79
2816,16.9
1631,5.2
2489,31.0
3730,7.99
3251,12.9
5831,45.0
2070,8.8
4452,18.0
6149,6.7
5408,9.0
1635,12.9
4646,28.0
2479,7.68
2265,6.8
2959,8.4
5323,8.0
5953,7.0
3059,9.5
5053,7.2
2141,7.5
5104,8.4
3118,5.2
5188,7.5
5945,23.0
4045,4.55
3356,78.0
2744,62.0
5092,10.9
3506,13.9
1679,14.7
4249,6.8
3147,7.6
2294,4.58
580,12.2
1470,7.5
4799,6.25
4070,38.0
5308,14.9
3343,6.77
4992,16.5
4583,40.0
3672,22.5
559,15.5
5237,135.0
5215,6.8
2849,8.4
512,3.99
4729,9.8
1081,8.8
1664,66.0
1012,15.0
1931,16.9
1150,250.0
2838,8.5
116,650.0
740,13.8
6048,14.5
5177,7.3
830,31.9
119,7.99
4752,6.59
6013,10.49
5963,6.65
6224,10.0
635,4.992
4465,6.3
4364,15.9
4142,61.0
991,11.5
876,7.2
4869,230.0
5315,25.0
5222,41.43
4,23.9
3051,8.9
5691,15.0
3124,9.9
2660,6.39
2491,16.5
5173,24.0
3854,25.0
4933,285.0
4777,8.9
1715,6.5
1148,53.0
3261,9.95
574,7.48
3769,23.0
3736,9.05
4146,23.0
853,29.4
1982,9.9
2774,6.9
4929,25.0
5211,21.8
1166,6.8
971,18.2
2701,15.5
4495,40.0
3847,32.0
2368,6.39
4115,15.0
4780,23.0
4131,13.0
2950,4.3
5625,10.5
524,4.85
2455,4.85
5016,5.0
1841,14.0
537,29.5
2806,4.8
5801,6.3
5596,13.8
4341,43.0
3175,3.5
784,5.5
4057,8.95
1409,6.3
2537,4.62
154,7.97
3009,31.0
1686,6.55
2901,18.5
6234,9.5
4721,4.19
2733,140.0
1895,36.0
5442,11.5
569,5.75
5854,1.02
1816,7.9
2065,9.5
127,8.2
3394,19.0
3327,2.2
6275,40.0
2975,24.0
980,16.8
2300,26.5
190,22.0
1139,7.4
5088,6.2
699,6.4
6014,9.68
606,3.6
4276,15.0
301,7.9
3420,5.97
6062,4.8
1060,28.0
6115,60.0
2565,7.1
6286,18.0
1069,3.1
2524,6.5
2205,5.35
1243,24.99
16,6.85
3120,6.9
6277,15.4
4642,15.0
4754,68.0
815,13.5
3067,13.7
6150,4.79
5600,9.5
959,12.5
4893,16.9
225,6.9
3354,34.5
5895,6.99
2485,3.98
562,21.0
3436,4.63
1693,210.0
1045,20.4
3446,4.85
4565,60.0
954,32.0
6274,25.0
2735,9.5
6178,28.5
4735,6.5
6065,40.0
1218,7.2
5254,76.0
5511,8.0
1527,17.6
3987,21.0
6215,6.5
1300,11.59
6162,5.5
5699,23.0
160,17.6
4067,7.6
5800,17.5
956,9.5
3791,54.0
3234,11.8
2869,15.5
3777,12.5
4433,23.0
4973,20.0
2961,19.5
5980,6.4
2200,6.38
98,14.85
6124,4.9
2557,16.3
3183,9.6
253,6.4
3923,8.49
4199,6.95
1445,16.5
5539,10.9
1648,34.0
4682,83.0
4723,4.5
3991,11.8
1696,10.8
3191,9.5
4499,8.05
1154,13.5
2255,6.45
1682,6.93
3170,9.9
2056,10.0
4090,8.1
6144,6.49
3108,35.0
4548,13.9
3723,105.0
5423,49.9
2049,12.6
4976,9.3
3643,12.5
6210,5.65
623,5.5
5883,60.0
262,7.3
5730,14.5
3369,5.29
4061,20.0
5534,37.5
1802,4.9
4736,350.0
6284,250.0
2385,26.0
5759,8.5
1959,33.0
2976,8.8
488,16.5
1843,8.5
1734,12.0
2911,19.5
3219,9.5
146,20.5
5630,9.0
1986,18.5
1369,8.1
2811,38.0
659,3.79
1794,8.45
2511,27.8
3397,7.9
4282,35.0
1147,6.1
3272,5.68
608,4.2
3582,3.99
1930,26.99
197,7.5
2931,22.0
2327,8.7
4389,8.9
766,9.5
4496,24.0
4218,28.6
3255,2.95
202,3.68
3510,7.58
4931,48.0
5535,6.9
1733,85.0
5791,5.8
2777,19.0
1707,7.99
5172,6.6
5249,4.45
5757,28.8
3474,5.39
5855,5.99
854,3.68
5685,43.0
4737,9.8
4097,4.28
2160,115.0
698,7.19
6232,6.2
2999,9.5
3696,14.0
1636,11.5
3457,6.9
3581,3.3
1291,5.59
4659,15.0
5616,450.0
1853,7.5
5232,53.0
3763,9.2
3304,7.6
6192,32.5
5727,6.0
3743,12.5
3445,5.3
1998,27.8
663,17.5
4779,6.5
5353,6.2
3748,5.68
4413,21.5
4744,3.5
5530,15.9
5575,6.4
709,5.95
1282,5.79
5864,12.0
5068,11.2
2675,9.8
4029,8.4
1306,32.0
5496,13.5
5504,8.0
2237,13.5
3302,6.9
5592,26.0
2038,3.8
1529,16.8
1663,40.0
5450,5.7
6217,6.5
6240,6.79
3627,15.9
5739,25.0
5147,23.0
4891,7.49
2693,9.99
3060,25.9
1597,4.3
2729,2.8
2625,4.19
5915,47.0
3157,30.0
3314,5.8
1722,6.65
5279,5.0
1059,7.5
4636,9.9
3242,5.79
1678,7.95
1757,350.0
6019,19.5
4191,14.99
5116,280.0
563,8.85
2790,7.5
863,27.6
1484,12.99
5977,6.9
5134,14.4
206,10.9
4488,48.0
870,60.0
4493,6.0
502,22.0
1028,4.7
3840,19.0
2690,17.3
5581,13.5
5056,9.5
1570,6.5
2773,6.9
5991,9.6
2731,3.9
804,66.0
5847,47.5
3645,24.0
2454,9.5
4598,8.9
3104,7.6
4875,16.0
5959,6.4
200,9.9
3099,6.6
2278,5.9
3561,5.9
5892,28.0
4474,16.0
4514,33.0
5794,12.9
391,39.0
5618,7.0
5258,69.0
1495,9.29
2695,6.8
2027,33.0
5248,10.0
5463,16.7
2568,9.9
64,20.0
3884,7.0
2062,27.9
5276,21.9
492,8.3
379,6.39
4859,33.0
3993,10.5
4887,5.55
1076,58.3
878,14.9
337,4.38
1016,7.2
1275,8.15
3798,19.0
4551,21.95
3342,7.0
4911,6.0
995,17.2
1981,4.9
4297,4.8
161,5.25
5675,7.5
4798,8.1
1500,25.5
3843,54.0
5225,88.0
2613,375.0
3461,5.85
1021,12.0
3073,11.5
3943,10.5
1585,9.5
1955,2.68
3152,28.0
34,17.5
4014,6.9
775,8.4
2556,35.0
1478,24.9
5486,7.9
6235,9.0
1363,88.0
2612,4.68
2824,15.0
2041,12.99
241,12.8
2061,8.5
2363,15.0
600,6.49
2435,7.99
5393,4.6
2888,8.3
6164,5.8
646,7.5
3890,8.49
3556,5.5
3202,9.5
1528,10.5
1267,4.87
1899,9.7
4658,15.9
3005,9.99
2734,22.5
189,11.7
1806,7.99
975,6.66
2747,9.0
2047,7.8
2558,7.6
1082,13.9
474,5.69
2904,10.0
4843,21.0
4117,21.0
3385,13.8
4555,9.0
1184,8.5
5051,7.2
5311,7.65
2433,7.4
5611,20.0
2391,12.8
769,8.75
1685,6.95
130,12.0
2919,19.0
3171,9.4
3444,7.8
6231,12.8
5578,5.7
4426,59.0
5334,7.19
466,16.8
6265,4.0
5734,4.5
3092,10.0
3772,11.5
5191,7.25
5226,78.0
5390,14.5
860,16.0
